subject,story,bold_file,events_file,json_file,exists
sub-127,black,/home/ab4736/neu480/narratives/sub-127/func/sub-127_task-black_bold.nii.gz,/home/ab4736/neu480/narratives/sub-127/func/sub-127_task-black_events.tsv,/home/ab4736/neu480/narratives/sub-127/func/sub-127_task-black_bold.json,False
sub-127,bronx,/home/ab4736/neu480/narratives/sub-127/func/sub-127_task-bronx_bold.nii.gz,/home/ab4736/neu480/narratives/sub-127/func/sub-127_task-bronx_events.tsv,/home/ab4736/neu480/narratives/sub-127/func/sub-127_task-bronx_bold.json,False
sub-127,forgot,/home/ab4736/neu480/narratives/sub-127/func/sub-127_task-forgot_bold.nii.gz,/home/ab4736/neu480/narratives/sub-127/func/sub-127_task-forgot_events.tsv,/home/ab4736/neu480/narratives/sub-127/func/sub-127_task-forgot_bold.json,False
sub-127,milkyway,/home/ab4736/neu480/narratives/sub-127/func/sub-127_task-milkyway_bold.nii.gz,/home/ab4736/neu480/narratives/sub-127/func/sub-127_task-milkyway_events.tsv,/home/ab4736/neu480/narratives/sub-127/func/sub-127_task-milkyway_bold.json,False
sub-127,piemanpni,/home/ab4736/neu480/narratives/sub-127/func/sub-127_task-piemanpni_bold.nii.gz,/home/ab4736/neu480/narratives/sub-127/func/sub-127_task-piemanpni_events.tsv,/home/ab4736/neu480/narratives/sub-127/func/sub-127_task-piemanpni_bold.json,False
sub-127,shapesphysical,/home/ab4736/neu480/narratives/sub-127/func/sub-127_task-shapesphysical_bold.nii.gz,/home/ab4736/neu480/narratives/sub-127/func/sub-127_task-shapesphysical_events.tsv,/home/ab4736/neu480/narratives/sub-127/func/sub-127_task-shapesphysical_bold.json,False
sub-127,shapessocial,/home/ab4736/neu480/narratives/sub-127/func/sub-127_task-shapessocial_bold.nii.gz,/home/ab4736/neu480/narratives/sub-127/func/sub-127_task-shapessocial_events.tsv,/home/ab4736/neu480/narratives/sub-127/func/sub-127_task-shapessocial_bold.json,False
sub-265,21styear,/home/ab4736/neu480/narratives/sub-265/func/sub-265_task-21styear_bold.nii.gz,/home/ab4736/neu480/narratives/sub-265/func/sub-265_task-21styear_events.tsv,/home/ab4736/neu480/narratives/sub-265/func/sub-265_task-21styear_bold.json,False
sub-265,black,/home/ab4736/neu480/narratives/sub-265/func/sub-265_task-black_bold.nii.gz,/home/ab4736/neu480/narratives/sub-265/func/sub-265_task-black_events.tsv,/home/ab4736/neu480/narratives/sub-265/func/sub-265_task-black_bold.json,False
sub-265,bronx,/home/ab4736/neu480/narratives/sub-265/func/sub-265_task-bronx_bold.nii.gz,/home/ab4736/neu480/narratives/sub-265/func/sub-265_task-bronx_events.tsv,/home/ab4736/neu480/narratives/sub-265/func/sub-265_task-bronx_bold.json,False
sub-265,forgot,/home/ab4736/neu480/narratives/sub-265/func/sub-265_task-forgot_bold.nii.gz,/home/ab4736/neu480/narratives/sub-265/func/sub-265_task-forgot_events.tsv,/home/ab4736/neu480/narratives/sub-265/func/sub-265_task-forgot_bold.json,False
sub-265,piemanpni,/home/ab4736/neu480/narratives/sub-265/func/sub-265_task-piemanpni_bold.nii.gz,/home/ab4736/neu480/narratives/sub-265/func/sub-265_task-piemanpni_events.tsv,/home/ab4736/neu480/narratives/sub-265/func/sub-265_task-piemanpni_bold.json,False
sub-267,21styear,/home/ab4736/neu480/narratives/sub-267/func/sub-267_task-21styear_bold.nii.gz,/home/ab4736/neu480/narratives/sub-267/func/sub-267_task-21styear_events.tsv,/home/ab4736/neu480/narratives/sub-267/func/sub-267_task-21styear_bold.json,False
sub-267,black,/home/ab4736/neu480/narratives/sub-267/func/sub-267_task-black_bold.nii.gz,/home/ab4736/neu480/narratives/sub-267/func/sub-267_task-black_events.tsv,/home/ab4736/neu480/narratives/sub-267/func/sub-267_task-black_bold.json,False
sub-267,bronx,/home/ab4736/neu480/narratives/sub-267/func/sub-267_task-bronx_bold.nii.gz,/home/ab4736/neu480/narratives/sub-267/func/sub-267_task-bronx_events.tsv,/home/ab4736/neu480/narratives/sub-267/func/sub-267_task-bronx_bold.json,False
sub-267,forgot,/home/ab4736/neu480/narratives/sub-267/func/sub-267_task-forgot_bold.nii.gz,/home/ab4736/neu480/narratives/sub-267/func/sub-267_task-forgot_events.tsv,/home/ab4736/neu480/narratives/sub-267/func/sub-267_task-forgot_bold.json,False
sub-267,piemanpni,/home/ab4736/neu480/narratives/sub-267/func/sub-267_task-piemanpni_bold.nii.gz,/home/ab4736/neu480/narratives/sub-267/func/sub-267_task-piemanpni_events.tsv,/home/ab4736/neu480/narratives/sub-267/func/sub-267_task-piemanpni_bold.json,False
sub-272,black,/home/ab4736/neu480/narratives/sub-272/func/sub-272_task-black_bold.nii.gz,/home/ab4736/neu480/narratives/sub-272/func/sub-272_task-black_events.tsv,/home/ab4736/neu480/narratives/sub-272/func/sub-272_task-black_bold.json,False
sub-272,bronx,/home/ab4736/neu480/narratives/sub-272/func/sub-272_task-bronx_bold.nii.gz,/home/ab4736/neu480/narratives/sub-272/func/sub-272_task-bronx_events.tsv,/home/ab4736/neu480/narratives/sub-272/func/sub-272_task-bronx_bold.json,False
sub-272,forgot,/home/ab4736/neu480/narratives/sub-272/func/sub-272_task-forgot_bold.nii.gz,/home/ab4736/neu480/narratives/sub-272/func/sub-272_task-forgot_events.tsv,/home/ab4736/neu480/narratives/sub-272/func/sub-272_task-forgot_bold.json,False
sub-272,piemanpni,/home/ab4736/neu480/narratives/sub-272/func/sub-272_task-piemanpni_bold.nii.gz,/home/ab4736/neu480/narratives/sub-272/func/sub-272_task-piemanpni_events.tsv,/home/ab4736/neu480/narratives/sub-272/func/sub-272_task-piemanpni_bold.json,False
sub-273,black,/home/ab4736/neu480/narratives/sub-273/func/sub-273_task-black_bold.nii.gz,/home/ab4736/neu480/narratives/sub-273/func/sub-273_task-black_events.tsv,/home/ab4736/neu480/narratives/sub-273/func/sub-273_task-black_bold.json,False
sub-273,bronx,/home/ab4736/neu480/narratives/sub-273/func/sub-273_task-bronx_bold.nii.gz,/home/ab4736/neu480/narratives/sub-273/func/sub-273_task-bronx_events.tsv,/home/ab4736/neu480/narratives/sub-273/func/sub-273_task-bronx_bold.json,False
sub-273,forgot,/home/ab4736/neu480/narratives/sub-273/func/sub-273_task-forgot_bold.nii.gz,/home/ab4736/neu480/narratives/sub-273/func/sub-273_task-forgot_events.tsv,/home/ab4736/neu480/narratives/sub-273/func/sub-273_task-forgot_bold.json,False
sub-273,piemanpni,/home/ab4736/neu480/narratives/sub-273/func/sub-273_task-piemanpni_bold.nii.gz,/home/ab4736/neu480/narratives/sub-273/func/sub-273_task-piemanpni_events.tsv,/home/ab4736/neu480/narratives/sub-273/func/sub-273_task-piemanpni_bold.json,False
sub-274,black,/home/ab4736/neu480/narratives/sub-274/func/sub-274_task-black_bold.nii.gz,/home/ab4736/neu480/narratives/sub-274/func/sub-274_task-black_events.tsv,/home/ab4736/neu480/narratives/sub-274/func/sub-274_task-black_bold.json,False
sub-274,bronx,/home/ab4736/neu480/narratives/sub-274/func/sub-274_task-bronx_bold.nii.gz,/home/ab4736/neu480/narratives/sub-274/func/sub-274_task-bronx_events.tsv,/home/ab4736/neu480/narratives/sub-274/func/sub-274_task-bronx_bold.json,False
sub-274,forgot,/home/ab4736/neu480/narratives/sub-274/func/sub-274_task-forgot_bold.nii.gz,/home/ab4736/neu480/narratives/sub-274/func/sub-274_task-forgot_events.tsv,/home/ab4736/neu480/narratives/sub-274/func/sub-274_task-forgot_bold.json,False
sub-274,piemanpni,/home/ab4736/neu480/narratives/sub-274/func/sub-274_task-piemanpni_bold.nii.gz,/home/ab4736/neu480/narratives/sub-274/func/sub-274_task-piemanpni_events.tsv,/home/ab4736/neu480/narratives/sub-274/func/sub-274_task-piemanpni_bold.json,False
sub-275,black,/home/ab4736/neu480/narratives/sub-275/func/sub-275_task-black_bold.nii.gz,/home/ab4736/neu480/narratives/sub-275/func/sub-275_task-black_events.tsv,/home/ab4736/neu480/narratives/sub-275/func/sub-275_task-black_bold.json,False
sub-275,bronx,/home/ab4736/neu480/narratives/sub-275/func/sub-275_task-bronx_bold.nii.gz,/home/ab4736/neu480/narratives/sub-275/func/sub-275_task-bronx_events.tsv,/home/ab4736/neu480/narratives/sub-275/func/sub-275_task-bronx_bold.json,False
sub-275,forgot,/home/ab4736/neu480/narratives/sub-275/func/sub-275_task-forgot_bold.nii.gz,/home/ab4736/neu480/narratives/sub-275/func/sub-275_task-forgot_events.tsv,/home/ab4736/neu480/narratives/sub-275/func/sub-275_task-forgot_bold.json,False
sub-275,piemanpni,/home/ab4736/neu480/narratives/sub-275/func/sub-275_task-piemanpni_bold.nii.gz,/home/ab4736/neu480/narratives/sub-275/func/sub-275_task-piemanpni_events.tsv,/home/ab4736/neu480/narratives/sub-275/func/sub-275_task-piemanpni_bold.json,False
sub-276,black,/home/ab4736/neu480/narratives/sub-276/func/sub-276_task-black_bold.nii.gz,/home/ab4736/neu480/narratives/sub-276/func/sub-276_task-black_events.tsv,/home/ab4736/neu480/narratives/sub-276/func/sub-276_task-black_bold.json,False
sub-276,bronx,/home/ab4736/neu480/narratives/sub-276/func/sub-276_task-bronx_bold.nii.gz,/home/ab4736/neu480/narratives/sub-276/func/sub-276_task-bronx_events.tsv,/home/ab4736/neu480/narratives/sub-276/func/sub-276_task-bronx_bold.json,False
sub-276,forgot,/home/ab4736/neu480/narratives/sub-276/func/sub-276_task-forgot_bold.nii.gz,/home/ab4736/neu480/narratives/sub-276/func/sub-276_task-forgot_events.tsv,/home/ab4736/neu480/narratives/sub-276/func/sub-276_task-forgot_bold.json,False
sub-276,piemanpni,/home/ab4736/neu480/narratives/sub-276/func/sub-276_task-piemanpni_bold.nii.gz,/home/ab4736/neu480/narratives/sub-276/func/sub-276_task-piemanpni_events.tsv,/home/ab4736/neu480/narratives/sub-276/func/sub-276_task-piemanpni_bold.json,False
sub-277,black,/home/ab4736/neu480/narratives/sub-277/func/sub-277_task-black_bold.nii.gz,/home/ab4736/neu480/narratives/sub-277/func/sub-277_task-black_events.tsv,/home/ab4736/neu480/narratives/sub-277/func/sub-277_task-black_bold.json,False
sub-277,bronx,/home/ab4736/neu480/narratives/sub-277/func/sub-277_task-bronx_bold.nii.gz,/home/ab4736/neu480/narratives/sub-277/func/sub-277_task-bronx_events.tsv,/home/ab4736/neu480/narratives/sub-277/func/sub-277_task-bronx_bold.json,False
sub-277,forgot,/home/ab4736/neu480/narratives/sub-277/func/sub-277_task-forgot_bold.nii.gz,/home/ab4736/neu480/narratives/sub-277/func/sub-277_task-forgot_events.tsv,/home/ab4736/neu480/narratives/sub-277/func/sub-277_task-forgot_bold.json,False
sub-277,piemanpni,/home/ab4736/neu480/narratives/sub-277/func/sub-277_task-piemanpni_bold.nii.gz,/home/ab4736/neu480/narratives/sub-277/func/sub-277_task-piemanpni_events.tsv,/home/ab4736/neu480/narratives/sub-277/func/sub-277_task-piemanpni_bold.json,False
sub-278,bronx,/home/ab4736/neu480/narratives/sub-278/func/sub-278_task-bronx_bold.nii.gz,/home/ab4736/neu480/narratives/sub-278/func/sub-278_task-bronx_events.tsv,/home/ab4736/neu480/narratives/sub-278/func/sub-278_task-bronx_bold.json,False
sub-278,piemanpni,/home/ab4736/neu480/narratives/sub-278/func/sub-278_task-piemanpni_bold.nii.gz,/home/ab4736/neu480/narratives/sub-278/func/sub-278_task-piemanpni_events.tsv,/home/ab4736/neu480/narratives/sub-278/func/sub-278_task-piemanpni_bold.json,False
sub-279,black,/home/ab4736/neu480/narratives/sub-279/func/sub-279_task-black_bold.nii.gz,/home/ab4736/neu480/narratives/sub-279/func/sub-279_task-black_events.tsv,/home/ab4736/neu480/narratives/sub-279/func/sub-279_task-black_bold.json,False
sub-279,bronx,/home/ab4736/neu480/narratives/sub-279/func/sub-279_task-bronx_bold.nii.gz,/home/ab4736/neu480/narratives/sub-279/func/sub-279_task-bronx_events.tsv,/home/ab4736/neu480/narratives/sub-279/func/sub-279_task-bronx_bold.json,False
sub-279,forgot,/home/ab4736/neu480/narratives/sub-279/func/sub-279_task-forgot_bold.nii.gz,/home/ab4736/neu480/narratives/sub-279/func/sub-279_task-forgot_events.tsv,/home/ab4736/neu480/narratives/sub-279/func/sub-279_task-forgot_bold.json,False
sub-279,piemanpni,/home/ab4736/neu480/narratives/sub-279/func/sub-279_task-piemanpni_bold.nii.gz,/home/ab4736/neu480/narratives/sub-279/func/sub-279_task-piemanpni_events.tsv,/home/ab4736/neu480/narratives/sub-279/func/sub-279_task-piemanpni_bold.json,False
sub-280,black,/home/ab4736/neu480/narratives/sub-280/func/sub-280_task-black_bold.nii.gz,/home/ab4736/neu480/narratives/sub-280/func/sub-280_task-black_events.tsv,/home/ab4736/neu480/narratives/sub-280/func/sub-280_task-black_bold.json,False
sub-280,bronx,/home/ab4736/neu480/narratives/sub-280/func/sub-280_task-bronx_bold.nii.gz,/home/ab4736/neu480/narratives/sub-280/func/sub-280_task-bronx_events.tsv,/home/ab4736/neu480/narratives/sub-280/func/sub-280_task-bronx_bold.json,False
sub-280,forgot,/home/ab4736/neu480/narratives/sub-280/func/sub-280_task-forgot_bold.nii.gz,/home/ab4736/neu480/narratives/sub-280/func/sub-280_task-forgot_events.tsv,/home/ab4736/neu480/narratives/sub-280/func/sub-280_task-forgot_bold.json,False
sub-281,black,/home/ab4736/neu480/narratives/sub-281/func/sub-281_task-black_bold.nii.gz,/home/ab4736/neu480/narratives/sub-281/func/sub-281_task-black_events.tsv,/home/ab4736/neu480/narratives/sub-281/func/sub-281_task-black_bold.json,False
sub-281,bronx,/home/ab4736/neu480/narratives/sub-281/func/sub-281_task-bronx_bold.nii.gz,/home/ab4736/neu480/narratives/sub-281/func/sub-281_task-bronx_events.tsv,/home/ab4736/neu480/narratives/sub-281/func/sub-281_task-bronx_bold.json,False
sub-281,forgot,/home/ab4736/neu480/narratives/sub-281/func/sub-281_task-forgot_bold.nii.gz,/home/ab4736/neu480/narratives/sub-281/func/sub-281_task-forgot_events.tsv,/home/ab4736/neu480/narratives/sub-281/func/sub-281_task-forgot_bold.json,False
sub-281,piemanpni,/home/ab4736/neu480/narratives/sub-281/func/sub-281_task-piemanpni_bold.nii.gz,/home/ab4736/neu480/narratives/sub-281/func/sub-281_task-piemanpni_events.tsv,/home/ab4736/neu480/narratives/sub-281/func/sub-281_task-piemanpni_bold.json,False
sub-282,black,/home/ab4736/neu480/narratives/sub-282/func/sub-282_task-black_bold.nii.gz,/home/ab4736/neu480/narratives/sub-282/func/sub-282_task-black_events.tsv,/home/ab4736/neu480/narratives/sub-282/func/sub-282_task-black_bold.json,False
sub-282,bronx,/home/ab4736/neu480/narratives/sub-282/func/sub-282_task-bronx_bold.nii.gz,/home/ab4736/neu480/narratives/sub-282/func/sub-282_task-bronx_events.tsv,/home/ab4736/neu480/narratives/sub-282/func/sub-282_task-bronx_bold.json,False
sub-282,forgot,/home/ab4736/neu480/narratives/sub-282/func/sub-282_task-forgot_bold.nii.gz,/home/ab4736/neu480/narratives/sub-282/func/sub-282_task-forgot_events.tsv,/home/ab4736/neu480/narratives/sub-282/func/sub-282_task-forgot_bold.json,False
sub-282,piemanpni,/home/ab4736/neu480/narratives/sub-282/func/sub-282_task-piemanpni_bold.nii.gz,/home/ab4736/neu480/narratives/sub-282/func/sub-282_task-piemanpni_events.tsv,/home/ab4736/neu480/narratives/sub-282/func/sub-282_task-piemanpni_bold.json,False
sub-283,black,/home/ab4736/neu480/narratives/sub-283/func/sub-283_task-black_bold.nii.gz,/home/ab4736/neu480/narratives/sub-283/func/sub-283_task-black_events.tsv,/home/ab4736/neu480/narratives/sub-283/func/sub-283_task-black_bold.json,False
sub-283,bronx,/home/ab4736/neu480/narratives/sub-283/func/sub-283_task-bronx_bold.nii.gz,/home/ab4736/neu480/narratives/sub-283/func/sub-283_task-bronx_events.tsv,/home/ab4736/neu480/narratives/sub-283/func/sub-283_task-bronx_bold.json,False
sub-283,forgot,/home/ab4736/neu480/narratives/sub-283/func/sub-283_task-forgot_bold.nii.gz,/home/ab4736/neu480/narratives/sub-283/func/sub-283_task-forgot_events.tsv,/home/ab4736/neu480/narratives/sub-283/func/sub-283_task-forgot_bold.json,False
sub-283,piemanpni,/home/ab4736/neu480/narratives/sub-283/func/sub-283_task-piemanpni_bold.nii.gz,/home/ab4736/neu480/narratives/sub-283/func/sub-283_task-piemanpni_events.tsv,/home/ab4736/neu480/narratives/sub-283/func/sub-283_task-piemanpni_bold.json,False
sub-284,black,/home/ab4736/neu480/narratives/sub-284/func/sub-284_task-black_bold.nii.gz,/home/ab4736/neu480/narratives/sub-284/func/sub-284_task-black_events.tsv,/home/ab4736/neu480/narratives/sub-284/func/sub-284_task-black_bold.json,False
sub-284,bronx,/home/ab4736/neu480/narratives/sub-284/func/sub-284_task-bronx_bold.nii.gz,/home/ab4736/neu480/narratives/sub-284/func/sub-284_task-bronx_events.tsv,/home/ab4736/neu480/narratives/sub-284/func/sub-284_task-bronx_bold.json,False
sub-284,forgot,/home/ab4736/neu480/narratives/sub-284/func/sub-284_task-forgot_bold.nii.gz,/home/ab4736/neu480/narratives/sub-284/func/sub-284_task-forgot_events.tsv,/home/ab4736/neu480/narratives/sub-284/func/sub-284_task-forgot_bold.json,False
sub-284,piemanpni,/home/ab4736/neu480/narratives/sub-284/func/sub-284_task-piemanpni_bold.nii.gz,/home/ab4736/neu480/narratives/sub-284/func/sub-284_task-piemanpni_events.tsv,/home/ab4736/neu480/narratives/sub-284/func/sub-284_task-piemanpni_bold.json,False
sub-285,black,/home/ab4736/neu480/narratives/sub-285/func/sub-285_task-black_bold.nii.gz,/home/ab4736/neu480/narratives/sub-285/func/sub-285_task-black_events.tsv,/home/ab4736/neu480/narratives/sub-285/func/sub-285_task-black_bold.json,False
sub-285,bronx,/home/ab4736/neu480/narratives/sub-285/func/sub-285_task-bronx_bold.nii.gz,/home/ab4736/neu480/narratives/sub-285/func/sub-285_task-bronx_events.tsv,/home/ab4736/neu480/narratives/sub-285/func/sub-285_task-bronx_bold.json,False
sub-285,forgot,/home/ab4736/neu480/narratives/sub-285/func/sub-285_task-forgot_bold.nii.gz,/home/ab4736/neu480/narratives/sub-285/func/sub-285_task-forgot_events.tsv,/home/ab4736/neu480/narratives/sub-285/func/sub-285_task-forgot_bold.json,False
sub-285,piemanpni,/home/ab4736/neu480/narratives/sub-285/func/sub-285_task-piemanpni_bold.nii.gz,/home/ab4736/neu480/narratives/sub-285/func/sub-285_task-piemanpni_events.tsv,/home/ab4736/neu480/narratives/sub-285/func/sub-285_task-piemanpni_bold.json,False
sub-286,black,/home/ab4736/neu480/narratives/sub-286/func/sub-286_task-black_bold.nii.gz,/home/ab4736/neu480/narratives/sub-286/func/sub-286_task-black_events.tsv,/home/ab4736/neu480/narratives/sub-286/func/sub-286_task-black_bold.json,False
sub-286,bronx,/home/ab4736/neu480/narratives/sub-286/func/sub-286_task-bronx_bold.nii.gz,/home/ab4736/neu480/narratives/sub-286/func/sub-286_task-bronx_events.tsv,/home/ab4736/neu480/narratives/sub-286/func/sub-286_task-bronx_bold.json,False
sub-286,forgot,/home/ab4736/neu480/narratives/sub-286/func/sub-286_task-forgot_bold.nii.gz,/home/ab4736/neu480/narratives/sub-286/func/sub-286_task-forgot_events.tsv,/home/ab4736/neu480/narratives/sub-286/func/sub-286_task-forgot_bold.json,False
sub-286,piemanpni,/home/ab4736/neu480/narratives/sub-286/func/sub-286_task-piemanpni_bold.nii.gz,/home/ab4736/neu480/narratives/sub-286/func/sub-286_task-piemanpni_events.tsv,/home/ab4736/neu480/narratives/sub-286/func/sub-286_task-piemanpni_bold.json,False
sub-287,black,/home/ab4736/neu480/narratives/sub-287/func/sub-287_task-black_bold.nii.gz,/home/ab4736/neu480/narratives/sub-287/func/sub-287_task-black_events.tsv,/home/ab4736/neu480/narratives/sub-287/func/sub-287_task-black_bold.json,False
sub-287,bronx,/home/ab4736/neu480/narratives/sub-287/func/sub-287_task-bronx_bold.nii.gz,/home/ab4736/neu480/narratives/sub-287/func/sub-287_task-bronx_events.tsv,/home/ab4736/neu480/narratives/sub-287/func/sub-287_task-bronx_bold.json,False
sub-287,forgot,/home/ab4736/neu480/narratives/sub-287/func/sub-287_task-forgot_bold.nii.gz,/home/ab4736/neu480/narratives/sub-287/func/sub-287_task-forgot_events.tsv,/home/ab4736/neu480/narratives/sub-287/func/sub-287_task-forgot_bold.json,False
sub-287,piemanpni,/home/ab4736/neu480/narratives/sub-287/func/sub-287_task-piemanpni_bold.nii.gz,/home/ab4736/neu480/narratives/sub-287/func/sub-287_task-piemanpni_events.tsv,/home/ab4736/neu480/narratives/sub-287/func/sub-287_task-piemanpni_bold.json,False
sub-288,black,/home/ab4736/neu480/narratives/sub-288/func/sub-288_task-black_bold.nii.gz,/home/ab4736/neu480/narratives/sub-288/func/sub-288_task-black_events.tsv,/home/ab4736/neu480/narratives/sub-288/func/sub-288_task-black_bold.json,False
sub-288,bronx,/home/ab4736/neu480/narratives/sub-288/func/sub-288_task-bronx_bold.nii.gz,/home/ab4736/neu480/narratives/sub-288/func/sub-288_task-bronx_events.tsv,/home/ab4736/neu480/narratives/sub-288/func/sub-288_task-bronx_bold.json,False
sub-288,forgot,/home/ab4736/neu480/narratives/sub-288/func/sub-288_task-forgot_bold.nii.gz,/home/ab4736/neu480/narratives/sub-288/func/sub-288_task-forgot_events.tsv,/home/ab4736/neu480/narratives/sub-288/func/sub-288_task-forgot_bold.json,False
sub-288,piemanpni,/home/ab4736/neu480/narratives/sub-288/func/sub-288_task-piemanpni_bold.nii.gz,/home/ab4736/neu480/narratives/sub-288/func/sub-288_task-piemanpni_events.tsv,/home/ab4736/neu480/narratives/sub-288/func/sub-288_task-piemanpni_bold.json,False
sub-289,black,/home/ab4736/neu480/narratives/sub-289/func/sub-289_task-black_bold.nii.gz,/home/ab4736/neu480/narratives/sub-289/func/sub-289_task-black_events.tsv,/home/ab4736/neu480/narratives/sub-289/func/sub-289_task-black_bold.json,False
sub-289,bronx,/home/ab4736/neu480/narratives/sub-289/func/sub-289_task-bronx_bold.nii.gz,/home/ab4736/neu480/narratives/sub-289/func/sub-289_task-bronx_events.tsv,/home/ab4736/neu480/narratives/sub-289/func/sub-289_task-bronx_bold.json,False
sub-289,forgot,/home/ab4736/neu480/narratives/sub-289/func/sub-289_task-forgot_bold.nii.gz,/home/ab4736/neu480/narratives/sub-289/func/sub-289_task-forgot_events.tsv,/home/ab4736/neu480/narratives/sub-289/func/sub-289_task-forgot_bold.json,False
sub-289,piemanpni,/home/ab4736/neu480/narratives/sub-289/func/sub-289_task-piemanpni_bold.nii.gz,/home/ab4736/neu480/narratives/sub-289/func/sub-289_task-piemanpni_events.tsv,/home/ab4736/neu480/narratives/sub-289/func/sub-289_task-piemanpni_bold.json,False
sub-290,black,/home/ab4736/neu480/narratives/sub-290/func/sub-290_task-black_bold.nii.gz,/home/ab4736/neu480/narratives/sub-290/func/sub-290_task-black_events.tsv,/home/ab4736/neu480/narratives/sub-290/func/sub-290_task-black_bold.json,False
sub-290,bronx,/home/ab4736/neu480/narratives/sub-290/func/sub-290_task-bronx_bold.nii.gz,/home/ab4736/neu480/narratives/sub-290/func/sub-290_task-bronx_events.tsv,/home/ab4736/neu480/narratives/sub-290/func/sub-290_task-bronx_bold.json,False
sub-290,forgot,/home/ab4736/neu480/narratives/sub-290/func/sub-290_task-forgot_bold.nii.gz,/home/ab4736/neu480/narratives/sub-290/func/sub-290_task-forgot_events.tsv,/home/ab4736/neu480/narratives/sub-290/func/sub-290_task-forgot_bold.json,False
sub-290,piemanpni,/home/ab4736/neu480/narratives/sub-290/func/sub-290_task-piemanpni_bold.nii.gz,/home/ab4736/neu480/narratives/sub-290/func/sub-290_task-piemanpni_events.tsv,/home/ab4736/neu480/narratives/sub-290/func/sub-290_task-piemanpni_bold.json,False
sub-291,black,/home/ab4736/neu480/narratives/sub-291/func/sub-291_task-black_bold.nii.gz,/home/ab4736/neu480/narratives/sub-291/func/sub-291_task-black_events.tsv,/home/ab4736/neu480/narratives/sub-291/func/sub-291_task-black_bold.json,False
sub-291,bronx,/home/ab4736/neu480/narratives/sub-291/func/sub-291_task-bronx_bold.nii.gz,/home/ab4736/neu480/narratives/sub-291/func/sub-291_task-bronx_events.tsv,/home/ab4736/neu480/narratives/sub-291/func/sub-291_task-bronx_bold.json,False
sub-291,forgot,/home/ab4736/neu480/narratives/sub-291/func/sub-291_task-forgot_bold.nii.gz,/home/ab4736/neu480/narratives/sub-291/func/sub-291_task-forgot_events.tsv,/home/ab4736/neu480/narratives/sub-291/func/sub-291_task-forgot_bold.json,False
sub-291,piemanpni,/home/ab4736/neu480/narratives/sub-291/func/sub-291_task-piemanpni_bold.nii.gz,/home/ab4736/neu480/narratives/sub-291/func/sub-291_task-piemanpni_events.tsv,/home/ab4736/neu480/narratives/sub-291/func/sub-291_task-piemanpni_bold.json,False
sub-292,black,/home/ab4736/neu480/narratives/sub-292/func/sub-292_task-black_bold.nii.gz,/home/ab4736/neu480/narratives/sub-292/func/sub-292_task-black_events.tsv,/home/ab4736/neu480/narratives/sub-292/func/sub-292_task-black_bold.json,False
sub-292,bronx,/home/ab4736/neu480/narratives/sub-292/func/sub-292_task-bronx_bold.nii.gz,/home/ab4736/neu480/narratives/sub-292/func/sub-292_task-bronx_events.tsv,/home/ab4736/neu480/narratives/sub-292/func/sub-292_task-bronx_bold.json,False
sub-292,forgot,/home/ab4736/neu480/narratives/sub-292/func/sub-292_task-forgot_bold.nii.gz,/home/ab4736/neu480/narratives/sub-292/func/sub-292_task-forgot_events.tsv,/home/ab4736/neu480/narratives/sub-292/func/sub-292_task-forgot_bold.json,False
sub-292,piemanpni,/home/ab4736/neu480/narratives/sub-292/func/sub-292_task-piemanpni_bold.nii.gz,/home/ab4736/neu480/narratives/sub-292/func/sub-292_task-piemanpni_events.tsv,/home/ab4736/neu480/narratives/sub-292/func/sub-292_task-piemanpni_bold.json,False
sub-293,black,/home/ab4736/neu480/narratives/sub-293/func/sub-293_task-black_bold.nii.gz,/home/ab4736/neu480/narratives/sub-293/func/sub-293_task-black_events.tsv,/home/ab4736/neu480/narratives/sub-293/func/sub-293_task-black_bold.json,False
sub-293,bronx,/home/ab4736/neu480/narratives/sub-293/func/sub-293_task-bronx_bold.nii.gz,/home/ab4736/neu480/narratives/sub-293/func/sub-293_task-bronx_events.tsv,/home/ab4736/neu480/narratives/sub-293/func/sub-293_task-bronx_bold.json,False
sub-293,forgot,/home/ab4736/neu480/narratives/sub-293/func/sub-293_task-forgot_bold.nii.gz,/home/ab4736/neu480/narratives/sub-293/func/sub-293_task-forgot_events.tsv,/home/ab4736/neu480/narratives/sub-293/func/sub-293_task-forgot_bold.json,False
sub-293,piemanpni,/home/ab4736/neu480/narratives/sub-293/func/sub-293_task-piemanpni_bold.nii.gz,/home/ab4736/neu480/narratives/sub-293/func/sub-293_task-piemanpni_events.tsv,/home/ab4736/neu480/narratives/sub-293/func/sub-293_task-piemanpni_bold.json,False
sub-294,black,/home/ab4736/neu480/narratives/sub-294/func/sub-294_task-black_bold.nii.gz,/home/ab4736/neu480/narratives/sub-294/func/sub-294_task-black_events.tsv,/home/ab4736/neu480/narratives/sub-294/func/sub-294_task-black_bold.json,False
sub-294,bronx,/home/ab4736/neu480/narratives/sub-294/func/sub-294_task-bronx_bold.nii.gz,/home/ab4736/neu480/narratives/sub-294/func/sub-294_task-bronx_events.tsv,/home/ab4736/neu480/narratives/sub-294/func/sub-294_task-bronx_bold.json,False
sub-294,forgot,/home/ab4736/neu480/narratives/sub-294/func/sub-294_task-forgot_bold.nii.gz,/home/ab4736/neu480/narratives/sub-294/func/sub-294_task-forgot_events.tsv,/home/ab4736/neu480/narratives/sub-294/func/sub-294_task-forgot_bold.json,False
sub-294,piemanpni,/home/ab4736/neu480/narratives/sub-294/func/sub-294_task-piemanpni_bold.nii.gz,/home/ab4736/neu480/narratives/sub-294/func/sub-294_task-piemanpni_events.tsv,/home/ab4736/neu480/narratives/sub-294/func/sub-294_task-piemanpni_bold.json,False
sub-295,black,/home/ab4736/neu480/narratives/sub-295/func/sub-295_task-black_bold.nii.gz,/home/ab4736/neu480/narratives/sub-295/func/sub-295_task-black_events.tsv,/home/ab4736/neu480/narratives/sub-295/func/sub-295_task-black_bold.json,False
sub-295,bronx,/home/ab4736/neu480/narratives/sub-295/func/sub-295_task-bronx_bold.nii.gz,/home/ab4736/neu480/narratives/sub-295/func/sub-295_task-bronx_events.tsv,/home/ab4736/neu480/narratives/sub-295/func/sub-295_task-bronx_bold.json,False
sub-295,forgot,/home/ab4736/neu480/narratives/sub-295/func/sub-295_task-forgot_bold.nii.gz,/home/ab4736/neu480/narratives/sub-295/func/sub-295_task-forgot_events.tsv,/home/ab4736/neu480/narratives/sub-295/func/sub-295_task-forgot_bold.json,False
sub-295,piemanpni,/home/ab4736/neu480/narratives/sub-295/func/sub-295_task-piemanpni_bold.nii.gz,/home/ab4736/neu480/narratives/sub-295/func/sub-295_task-piemanpni_events.tsv,/home/ab4736/neu480/narratives/sub-295/func/sub-295_task-piemanpni_bold.json,False
sub-296,black,/home/ab4736/neu480/narratives/sub-296/func/sub-296_task-black_bold.nii.gz,/home/ab4736/neu480/narratives/sub-296/func/sub-296_task-black_events.tsv,/home/ab4736/neu480/narratives/sub-296/func/sub-296_task-black_bold.json,False
sub-296,bronx,/home/ab4736/neu480/narratives/sub-296/func/sub-296_task-bronx_bold.nii.gz,/home/ab4736/neu480/narratives/sub-296/func/sub-296_task-bronx_events.tsv,/home/ab4736/neu480/narratives/sub-296/func/sub-296_task-bronx_bold.json,False
sub-296,forgot,/home/ab4736/neu480/narratives/sub-296/func/sub-296_task-forgot_bold.nii.gz,/home/ab4736/neu480/narratives/sub-296/func/sub-296_task-forgot_events.tsv,/home/ab4736/neu480/narratives/sub-296/func/sub-296_task-forgot_bold.json,False
sub-296,piemanpni,/home/ab4736/neu480/narratives/sub-296/func/sub-296_task-piemanpni_bold.nii.gz,/home/ab4736/neu480/narratives/sub-296/func/sub-296_task-piemanpni_events.tsv,/home/ab4736/neu480/narratives/sub-296/func/sub-296_task-piemanpni_bold.json,False
sub-297,black,/home/ab4736/neu480/narratives/sub-297/func/sub-297_task-black_bold.nii.gz,/home/ab4736/neu480/narratives/sub-297/func/sub-297_task-black_events.tsv,/home/ab4736/neu480/narratives/sub-297/func/sub-297_task-black_bold.json,False
sub-297,bronx,/home/ab4736/neu480/narratives/sub-297/func/sub-297_task-bronx_bold.nii.gz,/home/ab4736/neu480/narratives/sub-297/func/sub-297_task-bronx_events.tsv,/home/ab4736/neu480/narratives/sub-297/func/sub-297_task-bronx_bold.json,False
sub-297,forgot,/home/ab4736/neu480/narratives/sub-297/func/sub-297_task-forgot_bold.nii.gz,/home/ab4736/neu480/narratives/sub-297/func/sub-297_task-forgot_events.tsv,/home/ab4736/neu480/narratives/sub-297/func/sub-297_task-forgot_bold.json,False
sub-297,piemanpni,/home/ab4736/neu480/narratives/sub-297/func/sub-297_task-piemanpni_bold.nii.gz,/home/ab4736/neu480/narratives/sub-297/func/sub-297_task-piemanpni_events.tsv,/home/ab4736/neu480/narratives/sub-297/func/sub-297_task-piemanpni_bold.json,False
sub-298,black,/home/ab4736/neu480/narratives/sub-298/func/sub-298_task-black_bold.nii.gz,/home/ab4736/neu480/narratives/sub-298/func/sub-298_task-black_events.tsv,/home/ab4736/neu480/narratives/sub-298/func/sub-298_task-black_bold.json,False
sub-298,bronx,/home/ab4736/neu480/narratives/sub-298/func/sub-298_task-bronx_bold.nii.gz,/home/ab4736/neu480/narratives/sub-298/func/sub-298_task-bronx_events.tsv,/home/ab4736/neu480/narratives/sub-298/func/sub-298_task-bronx_bold.json,False
sub-298,forgot,/home/ab4736/neu480/narratives/sub-298/func/sub-298_task-forgot_bold.nii.gz,/home/ab4736/neu480/narratives/sub-298/func/sub-298_task-forgot_events.tsv,/home/ab4736/neu480/narratives/sub-298/func/sub-298_task-forgot_bold.json,False
sub-298,piemanpni,/home/ab4736/neu480/narratives/sub-298/func/sub-298_task-piemanpni_bold.nii.gz,/home/ab4736/neu480/narratives/sub-298/func/sub-298_task-piemanpni_events.tsv,/home/ab4736/neu480/narratives/sub-298/func/sub-298_task-piemanpni_bold.json,False
sub-299,black,/home/ab4736/neu480/narratives/sub-299/func/sub-299_task-black_bold.nii.gz,/home/ab4736/neu480/narratives/sub-299/func/sub-299_task-black_events.tsv,/home/ab4736/neu480/narratives/sub-299/func/sub-299_task-black_bold.json,False
sub-299,bronx,/home/ab4736/neu480/narratives/sub-299/func/sub-299_task-bronx_bold.nii.gz,/home/ab4736/neu480/narratives/sub-299/func/sub-299_task-bronx_events.tsv,/home/ab4736/neu480/narratives/sub-299/func/sub-299_task-bronx_bold.json,False
sub-299,forgot,/home/ab4736/neu480/narratives/sub-299/func/sub-299_task-forgot_bold.nii.gz,/home/ab4736/neu480/narratives/sub-299/func/sub-299_task-forgot_events.tsv,/home/ab4736/neu480/narratives/sub-299/func/sub-299_task-forgot_bold.json,False
sub-299,piemanpni,/home/ab4736/neu480/narratives/sub-299/func/sub-299_task-piemanpni_bold.nii.gz,/home/ab4736/neu480/narratives/sub-299/func/sub-299_task-piemanpni_events.tsv,/home/ab4736/neu480/narratives/sub-299/func/sub-299_task-piemanpni_bold.json,False
sub-300,black,/home/ab4736/neu480/narratives/sub-300/func/sub-300_task-black_bold.nii.gz,/home/ab4736/neu480/narratives/sub-300/func/sub-300_task-black_events.tsv,/home/ab4736/neu480/narratives/sub-300/func/sub-300_task-black_bold.json,False
sub-300,bronx,/home/ab4736/neu480/narratives/sub-300/func/sub-300_task-bronx_bold.nii.gz,/home/ab4736/neu480/narratives/sub-300/func/sub-300_task-bronx_events.tsv,/home/ab4736/neu480/narratives/sub-300/func/sub-300_task-bronx_bold.json,False
sub-300,forgot,/home/ab4736/neu480/narratives/sub-300/func/sub-300_task-forgot_bold.nii.gz,/home/ab4736/neu480/narratives/sub-300/func/sub-300_task-forgot_events.tsv,/home/ab4736/neu480/narratives/sub-300/func/sub-300_task-forgot_bold.json,False
sub-300,piemanpni,/home/ab4736/neu480/narratives/sub-300/func/sub-300_task-piemanpni_bold.nii.gz,/home/ab4736/neu480/narratives/sub-300/func/sub-300_task-piemanpni_events.tsv,/home/ab4736/neu480/narratives/sub-300/func/sub-300_task-piemanpni_bold.json,False
sub-301,black,/home/ab4736/neu480/narratives/sub-301/func/sub-301_task-black_bold.nii.gz,/home/ab4736/neu480/narratives/sub-301/func/sub-301_task-black_events.tsv,/home/ab4736/neu480/narratives/sub-301/func/sub-301_task-black_bold.json,False
sub-301,bronx,/home/ab4736/neu480/narratives/sub-301/func/sub-301_task-bronx_bold.nii.gz,/home/ab4736/neu480/narratives/sub-301/func/sub-301_task-bronx_events.tsv,/home/ab4736/neu480/narratives/sub-301/func/sub-301_task-bronx_bold.json,False
sub-301,forgot,/home/ab4736/neu480/narratives/sub-301/func/sub-301_task-forgot_bold.nii.gz,/home/ab4736/neu480/narratives/sub-301/func/sub-301_task-forgot_events.tsv,/home/ab4736/neu480/narratives/sub-301/func/sub-301_task-forgot_bold.json,False
sub-301,piemanpni,/home/ab4736/neu480/narratives/sub-301/func/sub-301_task-piemanpni_bold.nii.gz,/home/ab4736/neu480/narratives/sub-301/func/sub-301_task-piemanpni_events.tsv,/home/ab4736/neu480/narratives/sub-301/func/sub-301_task-piemanpni_bold.json,False
sub-302,black,/home/ab4736/neu480/narratives/sub-302/func/sub-302_task-black_bold.nii.gz,/home/ab4736/neu480/narratives/sub-302/func/sub-302_task-black_events.tsv,/home/ab4736/neu480/narratives/sub-302/func/sub-302_task-black_bold.json,False
sub-302,bronx,/home/ab4736/neu480/narratives/sub-302/func/sub-302_task-bronx_bold.nii.gz,/home/ab4736/neu480/narratives/sub-302/func/sub-302_task-bronx_events.tsv,/home/ab4736/neu480/narratives/sub-302/func/sub-302_task-bronx_bold.json,False
sub-302,forgot,/home/ab4736/neu480/narratives/sub-302/func/sub-302_task-forgot_bold.nii.gz,/home/ab4736/neu480/narratives/sub-302/func/sub-302_task-forgot_events.tsv,/home/ab4736/neu480/narratives/sub-302/func/sub-302_task-forgot_bold.json,False
sub-302,piemanpni,/home/ab4736/neu480/narratives/sub-302/func/sub-302_task-piemanpni_bold.nii.gz,/home/ab4736/neu480/narratives/sub-302/func/sub-302_task-piemanpni_events.tsv,/home/ab4736/neu480/narratives/sub-302/func/sub-302_task-piemanpni_bold.json,False
sub-303,black,/home/ab4736/neu480/narratives/sub-303/func/sub-303_task-black_bold.nii.gz,/home/ab4736/neu480/narratives/sub-303/func/sub-303_task-black_events.tsv,/home/ab4736/neu480/narratives/sub-303/func/sub-303_task-black_bold.json,False
sub-303,bronx,/home/ab4736/neu480/narratives/sub-303/func/sub-303_task-bronx_bold.nii.gz,/home/ab4736/neu480/narratives/sub-303/func/sub-303_task-bronx_events.tsv,/home/ab4736/neu480/narratives/sub-303/func/sub-303_task-bronx_bold.json,False
sub-303,forgot,/home/ab4736/neu480/narratives/sub-303/func/sub-303_task-forgot_bold.nii.gz,/home/ab4736/neu480/narratives/sub-303/func/sub-303_task-forgot_events.tsv,/home/ab4736/neu480/narratives/sub-303/func/sub-303_task-forgot_bold.json,False
sub-303,piemanpni,/home/ab4736/neu480/narratives/sub-303/func/sub-303_task-piemanpni_bold.nii.gz,/home/ab4736/neu480/narratives/sub-303/func/sub-303_task-piemanpni_events.tsv,/home/ab4736/neu480/narratives/sub-303/func/sub-303_task-piemanpni_bold.json,False
sub-304,black,/home/ab4736/neu480/narratives/sub-304/func/sub-304_task-black_bold.nii.gz,/home/ab4736/neu480/narratives/sub-304/func/sub-304_task-black_events.tsv,/home/ab4736/neu480/narratives/sub-304/func/sub-304_task-black_bold.json,False
sub-304,bronx,/home/ab4736/neu480/narratives/sub-304/func/sub-304_task-bronx_bold.nii.gz,/home/ab4736/neu480/narratives/sub-304/func/sub-304_task-bronx_events.tsv,/home/ab4736/neu480/narratives/sub-304/func/sub-304_task-bronx_bold.json,False
sub-304,forgot,/home/ab4736/neu480/narratives/sub-304/func/sub-304_task-forgot_bold.nii.gz,/home/ab4736/neu480/narratives/sub-304/func/sub-304_task-forgot_events.tsv,/home/ab4736/neu480/narratives/sub-304/func/sub-304_task-forgot_bold.json,False
sub-304,piemanpni,/home/ab4736/neu480/narratives/sub-304/func/sub-304_task-piemanpni_bold.nii.gz,/home/ab4736/neu480/narratives/sub-304/func/sub-304_task-piemanpni_events.tsv,/home/ab4736/neu480/narratives/sub-304/func/sub-304_task-piemanpni_bold.json,False
sub-305,black,/home/ab4736/neu480/narratives/sub-305/func/sub-305_task-black_bold.nii.gz,/home/ab4736/neu480/narratives/sub-305/func/sub-305_task-black_events.tsv,/home/ab4736/neu480/narratives/sub-305/func/sub-305_task-black_bold.json,False
sub-305,bronx,/home/ab4736/neu480/narratives/sub-305/func/sub-305_task-bronx_bold.nii.gz,/home/ab4736/neu480/narratives/sub-305/func/sub-305_task-bronx_events.tsv,/home/ab4736/neu480/narratives/sub-305/func/sub-305_task-bronx_bold.json,False
sub-305,forgot,/home/ab4736/neu480/narratives/sub-305/func/sub-305_task-forgot_bold.nii.gz,/home/ab4736/neu480/narratives/sub-305/func/sub-305_task-forgot_events.tsv,/home/ab4736/neu480/narratives/sub-305/func/sub-305_task-forgot_bold.json,False
sub-305,piemanpni,/home/ab4736/neu480/narratives/sub-305/func/sub-305_task-piemanpni_bold.nii.gz,/home/ab4736/neu480/narratives/sub-305/func/sub-305_task-piemanpni_events.tsv,/home/ab4736/neu480/narratives/sub-305/func/sub-305_task-piemanpni_bold.json,False
sub-306,black,/home/ab4736/neu480/narratives/sub-306/func/sub-306_task-black_bold.nii.gz,/home/ab4736/neu480/narratives/sub-306/func/sub-306_task-black_events.tsv,/home/ab4736/neu480/narratives/sub-306/func/sub-306_task-black_bold.json,False
sub-306,bronx,/home/ab4736/neu480/narratives/sub-306/func/sub-306_task-bronx_bold.nii.gz,/home/ab4736/neu480/narratives/sub-306/func/sub-306_task-bronx_events.tsv,/home/ab4736/neu480/narratives/sub-306/func/sub-306_task-bronx_bold.json,False
sub-306,forgot,/home/ab4736/neu480/narratives/sub-306/func/sub-306_task-forgot_bold.nii.gz,/home/ab4736/neu480/narratives/sub-306/func/sub-306_task-forgot_events.tsv,/home/ab4736/neu480/narratives/sub-306/func/sub-306_task-forgot_bold.json,False
sub-306,piemanpni,/home/ab4736/neu480/narratives/sub-306/func/sub-306_task-piemanpni_bold.nii.gz,/home/ab4736/neu480/narratives/sub-306/func/sub-306_task-piemanpni_events.tsv,/home/ab4736/neu480/narratives/sub-306/func/sub-306_task-piemanpni_bold.json,False
sub-307,black,/home/ab4736/neu480/narratives/sub-307/func/sub-307_task-black_bold.nii.gz,/home/ab4736/neu480/narratives/sub-307/func/sub-307_task-black_events.tsv,/home/ab4736/neu480/narratives/sub-307/func/sub-307_task-black_bold.json,False
sub-307,bronx,/home/ab4736/neu480/narratives/sub-307/func/sub-307_task-bronx_bold.nii.gz,/home/ab4736/neu480/narratives/sub-307/func/sub-307_task-bronx_events.tsv,/home/ab4736/neu480/narratives/sub-307/func/sub-307_task-bronx_bold.json,False
sub-307,forgot,/home/ab4736/neu480/narratives/sub-307/func/sub-307_task-forgot_bold.nii.gz,/home/ab4736/neu480/narratives/sub-307/func/sub-307_task-forgot_events.tsv,/home/ab4736/neu480/narratives/sub-307/func/sub-307_task-forgot_bold.json,False
sub-307,piemanpni,/home/ab4736/neu480/narratives/sub-307/func/sub-307_task-piemanpni_bold.nii.gz,/home/ab4736/neu480/narratives/sub-307/func/sub-307_task-piemanpni_events.tsv,/home/ab4736/neu480/narratives/sub-307/func/sub-307_task-piemanpni_bold.json,False
sub-308,black,/home/ab4736/neu480/narratives/sub-308/func/sub-308_task-black_bold.nii.gz,/home/ab4736/neu480/narratives/sub-308/func/sub-308_task-black_events.tsv,/home/ab4736/neu480/narratives/sub-308/func/sub-308_task-black_bold.json,False
sub-308,bronx,/home/ab4736/neu480/narratives/sub-308/func/sub-308_task-bronx_bold.nii.gz,/home/ab4736/neu480/narratives/sub-308/func/sub-308_task-bronx_events.tsv,/home/ab4736/neu480/narratives/sub-308/func/sub-308_task-bronx_bold.json,False
sub-308,forgot,/home/ab4736/neu480/narratives/sub-308/func/sub-308_task-forgot_bold.nii.gz,/home/ab4736/neu480/narratives/sub-308/func/sub-308_task-forgot_events.tsv,/home/ab4736/neu480/narratives/sub-308/func/sub-308_task-forgot_bold.json,False
sub-308,piemanpni,/home/ab4736/neu480/narratives/sub-308/func/sub-308_task-piemanpni_bold.nii.gz,/home/ab4736/neu480/narratives/sub-308/func/sub-308_task-piemanpni_events.tsv,/home/ab4736/neu480/narratives/sub-308/func/sub-308_task-piemanpni_bold.json,False
sub-309,black,/home/ab4736/neu480/narratives/sub-309/func/sub-309_task-black_bold.nii.gz,/home/ab4736/neu480/narratives/sub-309/func/sub-309_task-black_events.tsv,/home/ab4736/neu480/narratives/sub-309/func/sub-309_task-black_bold.json,False
sub-309,bronx,/home/ab4736/neu480/narratives/sub-309/func/sub-309_task-bronx_bold.nii.gz,/home/ab4736/neu480/narratives/sub-309/func/sub-309_task-bronx_events.tsv,/home/ab4736/neu480/narratives/sub-309/func/sub-309_task-bronx_bold.json,False
sub-309,forgot,/home/ab4736/neu480/narratives/sub-309/func/sub-309_task-forgot_bold.nii.gz,/home/ab4736/neu480/narratives/sub-309/func/sub-309_task-forgot_events.tsv,/home/ab4736/neu480/narratives/sub-309/func/sub-309_task-forgot_bold.json,False
sub-309,piemanpni,/home/ab4736/neu480/narratives/sub-309/func/sub-309_task-piemanpni_bold.nii.gz,/home/ab4736/neu480/narratives/sub-309/func/sub-309_task-piemanpni_events.tsv,/home/ab4736/neu480/narratives/sub-309/func/sub-309_task-piemanpni_bold.json,False
sub-310,black,/home/ab4736/neu480/narratives/sub-310/func/sub-310_task-black_bold.nii.gz,/home/ab4736/neu480/narratives/sub-310/func/sub-310_task-black_events.tsv,/home/ab4736/neu480/narratives/sub-310/func/sub-310_task-black_bold.json,False
sub-310,bronx,/home/ab4736/neu480/narratives/sub-310/func/sub-310_task-bronx_bold.nii.gz,/home/ab4736/neu480/narratives/sub-310/func/sub-310_task-bronx_events.tsv,/home/ab4736/neu480/narratives/sub-310/func/sub-310_task-bronx_bold.json,False
sub-310,forgot,/home/ab4736/neu480/narratives/sub-310/func/sub-310_task-forgot_bold.nii.gz,/home/ab4736/neu480/narratives/sub-310/func/sub-310_task-forgot_events.tsv,/home/ab4736/neu480/narratives/sub-310/func/sub-310_task-forgot_bold.json,False
sub-310,piemanpni,/home/ab4736/neu480/narratives/sub-310/func/sub-310_task-piemanpni_bold.nii.gz,/home/ab4736/neu480/narratives/sub-310/func/sub-310_task-piemanpni_events.tsv,/home/ab4736/neu480/narratives/sub-310/func/sub-310_task-piemanpni_bold.json,False
sub-311,black,/home/ab4736/neu480/narratives/sub-311/func/sub-311_task-black_bold.nii.gz,/home/ab4736/neu480/narratives/sub-311/func/sub-311_task-black_events.tsv,/home/ab4736/neu480/narratives/sub-311/func/sub-311_task-black_bold.json,False
sub-311,bronx,/home/ab4736/neu480/narratives/sub-311/func/sub-311_task-bronx_bold.nii.gz,/home/ab4736/neu480/narratives/sub-311/func/sub-311_task-bronx_events.tsv,/home/ab4736/neu480/narratives/sub-311/func/sub-311_task-bronx_bold.json,False
sub-311,forgot,/home/ab4736/neu480/narratives/sub-311/func/sub-311_task-forgot_bold.nii.gz,/home/ab4736/neu480/narratives/sub-311/func/sub-311_task-forgot_events.tsv,/home/ab4736/neu480/narratives/sub-311/func/sub-311_task-forgot_bold.json,False
sub-311,piemanpni,/home/ab4736/neu480/narratives/sub-311/func/sub-311_task-piemanpni_bold.nii.gz,/home/ab4736/neu480/narratives/sub-311/func/sub-311_task-piemanpni_events.tsv,/home/ab4736/neu480/narratives/sub-311/func/sub-311_task-piemanpni_bold.json,False
sub-312,black,/home/ab4736/neu480/narratives/sub-312/func/sub-312_task-black_bold.nii.gz,/home/ab4736/neu480/narratives/sub-312/func/sub-312_task-black_events.tsv,/home/ab4736/neu480/narratives/sub-312/func/sub-312_task-black_bold.json,False
sub-312,bronx,/home/ab4736/neu480/narratives/sub-312/func/sub-312_task-bronx_bold.nii.gz,/home/ab4736/neu480/narratives/sub-312/func/sub-312_task-bronx_events.tsv,/home/ab4736/neu480/narratives/sub-312/func/sub-312_task-bronx_bold.json,False
sub-312,forgot,/home/ab4736/neu480/narratives/sub-312/func/sub-312_task-forgot_bold.nii.gz,/home/ab4736/neu480/narratives/sub-312/func/sub-312_task-forgot_events.tsv,/home/ab4736/neu480/narratives/sub-312/func/sub-312_task-forgot_bold.json,False
sub-312,piemanpni,/home/ab4736/neu480/narratives/sub-312/func/sub-312_task-piemanpni_bold.nii.gz,/home/ab4736/neu480/narratives/sub-312/func/sub-312_task-piemanpni_events.tsv,/home/ab4736/neu480/narratives/sub-312/func/sub-312_task-piemanpni_bold.json,False
sub-313,black,/home/ab4736/neu480/narratives/sub-313/func/sub-313_task-black_bold.nii.gz,/home/ab4736/neu480/narratives/sub-313/func/sub-313_task-black_events.tsv,/home/ab4736/neu480/narratives/sub-313/func/sub-313_task-black_bold.json,False
sub-313,bronx,/home/ab4736/neu480/narratives/sub-313/func/sub-313_task-bronx_bold.nii.gz,/home/ab4736/neu480/narratives/sub-313/func/sub-313_task-bronx_events.tsv,/home/ab4736/neu480/narratives/sub-313/func/sub-313_task-bronx_bold.json,False
sub-313,forgot,/home/ab4736/neu480/narratives/sub-313/func/sub-313_task-forgot_bold.nii.gz,/home/ab4736/neu480/narratives/sub-313/func/sub-313_task-forgot_events.tsv,/home/ab4736/neu480/narratives/sub-313/func/sub-313_task-forgot_bold.json,False
sub-313,piemanpni,/home/ab4736/neu480/narratives/sub-313/func/sub-313_task-piemanpni_bold.nii.gz,/home/ab4736/neu480/narratives/sub-313/func/sub-313_task-piemanpni_events.tsv,/home/ab4736/neu480/narratives/sub-313/func/sub-313_task-piemanpni_bold.json,False
sub-314,black,/home/ab4736/neu480/narratives/sub-314/func/sub-314_task-black_bold.nii.gz,/home/ab4736/neu480/narratives/sub-314/func/sub-314_task-black_events.tsv,/home/ab4736/neu480/narratives/sub-314/func/sub-314_task-black_bold.json,False
sub-314,bronx,/home/ab4736/neu480/narratives/sub-314/func/sub-314_task-bronx_bold.nii.gz,/home/ab4736/neu480/narratives/sub-314/func/sub-314_task-bronx_events.tsv,/home/ab4736/neu480/narratives/sub-314/func/sub-314_task-bronx_bold.json,False
sub-314,forgot,/home/ab4736/neu480/narratives/sub-314/func/sub-314_task-forgot_bold.nii.gz,/home/ab4736/neu480/narratives/sub-314/func/sub-314_task-forgot_events.tsv,/home/ab4736/neu480/narratives/sub-314/func/sub-314_task-forgot_bold.json,False
sub-314,piemanpni,/home/ab4736/neu480/narratives/sub-314/func/sub-314_task-piemanpni_bold.nii.gz,/home/ab4736/neu480/narratives/sub-314/func/sub-314_task-piemanpni_events.tsv,/home/ab4736/neu480/narratives/sub-314/func/sub-314_task-piemanpni_bold.json,False
sub-315,black,/home/ab4736/neu480/narratives/sub-315/func/sub-315_task-black_bold.nii.gz,/home/ab4736/neu480/narratives/sub-315/func/sub-315_task-black_events.tsv,/home/ab4736/neu480/narratives/sub-315/func/sub-315_task-black_bold.json,False
sub-315,bronx,/home/ab4736/neu480/narratives/sub-315/func/sub-315_task-bronx_bold.nii.gz,/home/ab4736/neu480/narratives/sub-315/func/sub-315_task-bronx_events.tsv,/home/ab4736/neu480/narratives/sub-315/func/sub-315_task-bronx_bold.json,False
sub-315,forgot,/home/ab4736/neu480/narratives/sub-315/func/sub-315_task-forgot_bold.nii.gz,/home/ab4736/neu480/narratives/sub-315/func/sub-315_task-forgot_events.tsv,/home/ab4736/neu480/narratives/sub-315/func/sub-315_task-forgot_bold.json,False
sub-315,piemanpni,/home/ab4736/neu480/narratives/sub-315/func/sub-315_task-piemanpni_bold.nii.gz,/home/ab4736/neu480/narratives/sub-315/func/sub-315_task-piemanpni_events.tsv,/home/ab4736/neu480/narratives/sub-315/func/sub-315_task-piemanpni_bold.json,False
